part_id,machine,defective
P200000,A,0
P200001,B,0
P200002,A,0
P200003,A,0
P200004,A,0
P200005,A,0
P200006,A,0
P200007,B,0
P200008,A,0
P200009,B,0
P200010,A,0
P200011,A,1
P200012,A,0
P200013,B,0
P200014,A,0
P200015,A,0
P200016,A,0
P200017,B,0
P200018,A,0
P200019,A,0
P200020,A,0
P200021,A,0
P200022,A,0
P200023,A,0
P200024,B,0
P200025,A,0
P200026,B,0
P200027,B,0
P200028,A,0
P200029,A,0
P200030,B,0
P200031,B,0
P200032,B,0
P200033,B,0
P200034,A,0
P200035,B,0
P200036,A,0
P200037,A,0
P200038,A,0
P200039,B,0
P200040,A,0
P200041,B,0
P200042,B,0
P200043,B,0
P200044,B,0
P200045,A,0
P200046,B,0
P200047,B,0
P200048,B,0
P200049,B,0
P200050,A,0
P200051,A,0
P200052,A,0
P200053,B,0
P200054,A,0
P200055,B,0
P200056,A,0
P200057,B,0
P200058,B,0
P200059,A,0
P200060,B,0
P200061,B,0
P200062,A,0
P200063,A,0
P200064,A,0
P200065,B,0
P200066,A,0
P200067,A,0
P200068,A,0
P200069,A,0
P200070,B,0
P200071,B,0
P200072,A,0
P200073,B,0
P200074,B,0
P200075,A,0
P200076,A,0
P200077,B,0
P200078,B,0
P200079,B,0
P200080,A,0
P200081,B,0
P200082,A,0
P200083,B,0
P200084,B,0
P200085,B,0
P200086,B,0
P200087,A,0
P200088,B,0
P200089,A,1
P200090,B,0
P200091,A,0
P200092,B,0
P200093,A,0
P200094,B,0
P200095,A,0
P200096,A,0
P200097,B,0
P200098,B,0
P200099,A,0
P200100,A,0
P200101,A,0
P200102,B,0
P200103,B,0
P200104,B,0
P200105,A,0
P200106,A,0
P200107,B,0
P200108,A,0
P200109,A,0
P200110,A,0
P200111,B,0
P200112,B,0
P200113,A,0
P200114,B,0
P200115,A,0
P200116,A,0
P200117,A,0
P200118,A,0
P200119,A,0
P200120,B,0
P200121,A,0
P200122,A,0
P200123,A,0
P200124,A,0
P200125,A,0
P200126,A,0
P200127,B,0
P200128,B,0
P200129,B,0
P200130,A,0
P200131,B,1
P200132,A,0
P200133,A,0
P200134,A,0
P200135,A,0
P200136,B,0
P200137,A,0
P200138,A,0
P200139,A,0
P200140,B,0
P200141,B,0
P200142,A,0
P200143,B,0
P200144,B,0
P200145,A,0
P200146,B,0
P200147,A,0
P200148,A,0
P200149,B,0
P200150,A,0
P200151,A,0
P200152,B,0
P200153,A,0
P200154,A,0
P200155,A,0
P200156,A,0
P200157,A,0
P200158,B,0
P200159,A,0
P200160,B,0
P200161,A,0
P200162,B,0
P200163,B,0
P200164,A,0
P200165,B,1
P200166,B,0
P200167,A,0
P200168,A,0
P200169,B,0
P200170,B,0
P200171,A,0
P200172,A,0
P200173,A,0
P200174,A,1
P200175,B,0
P200176,A,0
P200177,A,0
P200178,B,0
P200179,A,0
P200180,A,0
P200181,A,0
P200182,A,0
P200183,A,0
P200184,A,0
P200185,A,0
P200186,B,0
P200187,B,0
P200188,A,0
P200189,A,0
P200190,B,0
P200191,A,0
P200192,B,0
P200193,B,0
P200194,A,0
P200195,A,0
P200196,A,0
P200197,A,0
P200198,B,0
P200199,B,0
P200200,A,0
P200201,A,0
P200202,A,0
P200203,A,0
P200204,B,0
P200205,B,0
P200206,A,0
P200207,A,0
P200208,A,0
P200209,A,0
P200210,A,0
P200211,A,0
P200212,A,0
P200213,B,1
P200214,A,0
P200215,A,0
P200216,B,0
P200217,B,0
P200218,A,0
P200219,A,0
P200220,B,0
P200221,A,0
P200222,A,0
P200223,A,0
P200224,A,0
P200225,A,0
P200226,A,0
P200227,B,0
P200228,B,0
P200229,B,0
P200230,A,0
P200231,A,0
P200232,B,0
P200233,A,0
P200234,A,0
P200235,A,0
P200236,A,0
P200237,A,0
P200238,A,0
P200239,B,0
P200240,A,0
P200241,B,0
P200242,B,0
P200243,A,0
P200244,B,0
P200245,B,0
P200246,A,0
P200247,A,0
P200248,A,0
P200249,B,0
P200250,A,0
P200251,A,0
P200252,A,0
P200253,A,1
P200254,A,0
P200255,A,0
P200256,B,0
P200257,B,0
P200258,B,0
P200259,A,0
P200260,B,0
P200261,A,0
P200262,A,0
P200263,B,0
P200264,A,0
P200265,A,0
P200266,A,0
P200267,A,0
P200268,B,0
P200269,A,0
P200270,B,0
P200271,A,0
P200272,A,0
P200273,A,0
P200274,B,0
P200275,B,0
P200276,A,0
P200277,A,0
P200278,B,0
P200279,A,0
P200280,A,0
P200281,A,0
P200282,A,0
P200283,A,0
P200284,A,0
P200285,B,0
P200286,B,0
P200287,B,0
P200288,A,0
P200289,A,0
P200290,B,0
P200291,B,0
P200292,A,0
P200293,A,1
P200294,B,0
P200295,B,0
P200296,B,0
P200297,B,0
P200298,A,0
P200299,A,0
P200300,B,0
P200301,A,0
P200302,A,0
P200303,B,0
P200304,A,0
P200305,B,0
P200306,B,0
P200307,A,0
P200308,A,0
P200309,A,0
P200310,B,0
P200311,A,0
P200312,A,0
P200313,B,0
P200314,A,0
P200315,A,0
P200316,A,0
P200317,A,0
P200318,B,0
P200319,A,0
P200320,A,0
P200321,B,0
P200322,B,0
P200323,A,0
P200324,B,0
P200325,B,0
P200326,A,0
P200327,B,0
P200328,B,0
P200329,A,0
P200330,B,0
P200331,B,0
P200332,B,0
P200333,A,0
P200334,A,0
P200335,A,0
P200336,A,0
P200337,B,0
P200338,A,0
P200339,A,1
P200340,B,0
P200341,A,0
P200342,A,0
P200343,A,0
P200344,A,0
P200345,B,0
P200346,B,0
P200347,A,0
P200348,A,0
P200349,B,0
P200350,B,0
P200351,A,0
P200352,B,0
P200353,A,0
P200354,A,0
P200355,B,0
P200356,A,0
P200357,A,0
P200358,A,0
P200359,A,0
P200360,B,0
P200361,A,0
P200362,A,0
P200363,A,0
P200364,B,0
P200365,A,0
P200366,B,0
P200367,B,0
P200368,B,0
P200369,B,0
P200370,A,1
P200371,A,0
P200372,B,0
P200373,B,0
P200374,A,0
P200375,A,0
P200376,A,0
P200377,B,0
P200378,B,0
P200379,A,0
P200380,A,0
P200381,A,0
P200382,A,0
P200383,B,0
P200384,B,0
P200385,A,0
P200386,A,0
P200387,A,0
P200388,B,0
P200389,A,0
P200390,A,0
P200391,B,0
P200392,B,0
P200393,B,0
P200394,A,0
P200395,A,0
P200396,A,0
P200397,B,0
P200398,B,0
P200399,B,0
P200400,A,0
P200401,B,0
P200402,A,0
P200403,A,0
P200404,A,0
P200405,B,1
P200406,A,0
P200407,B,0
P200408,B,0
P200409,A,0
P200410,B,0
P200411,A,0
P200412,A,0
P200413,B,0
P200414,B,0
P200415,A,0
P200416,B,0
P200417,B,0
P200418,A,0
P200419,A,0
P200420,B,0
P200421,A,0
P200422,B,0
P200423,B,0
P200424,A,0
P200425,B,0
P200426,A,0
P200427,B,0
P200428,A,1
P200429,B,0
P200430,A,0
P200431,B,0
P200432,A,0
P200433,A,0
P200434,A,0
P200435,B,0
P200436,A,0
P200437,B,0
P200438,B,0
P200439,B,0
P200440,A,0
P200441,B,0
P200442,A,0
P200443,B,0
P200444,B,0
P200445,A,0
P200446,A,0
P200447,A,0
P200448,A,0
P200449,B,0
P200450,A,0
P200451,B,0
P200452,A,0
P200453,B,0
P200454,B,0
P200455,B,0
P200456,A,0
P200457,A,0
P200458,A,0
P200459,A,0
P200460,B,0
P200461,B,0
P200462,A,0
P200463,A,0
P200464,A,0
P200465,A,0
P200466,A,0
P200467,B,0
P200468,A,0
P200469,B,1
P200470,A,0
P200471,B,0
P200472,A,0
P200473,B,0
P200474,A,0
P200475,A,0
P200476,A,0
P200477,B,0
P200478,B,0
P200479,A,0
P200480,A,0
P200481,A,0
P200482,A,0
P200483,B,0
P200484,B,0
P200485,B,0
P200486,B,0
P200487,B,0
P200488,A,0
P200489,A,0
P200490,A,0
P200491,A,0
P200492,B,1
P200493,B,0
P200494,B,0
P200495,A,0
P200496,A,0
P200497,B,0
P200498,B,0
P200499,A,0
P200500,B,0
P200501,B,0
P200502,A,0
P200503,A,0
P200504,B,0
P200505,B,0
P200506,A,0
P200507,B,0
P200508,B,0
P200509,B,0
P200510,A,0
P200511,B,0
P200512,A,0
P200513,B,0
P200514,B,0
P200515,A,0
P200516,A,0
P200517,B,0
P200518,B,0
P200519,A,0
P200520,A,0
P200521,A,0
P200522,A,0
P200523,B,1
P200524,B,0
P200525,B,0
P200526,A,0
P200527,B,0
P200528,A,0
P200529,B,0
P200530,A,0
P200531,A,0
P200532,A,0
P200533,A,0
P200534,B,0
P200535,B,0
P200536,B,0
P200537,B,0
P200538,A,0
P200539,A,1
P200540,B,0
P200541,A,0
P200542,A,0
P200543,B,0
P200544,A,0
P200545,A,0
P200546,A,0
P200547,A,0
P200548,A,0
P200549,A,0
P200550,A,0
P200551,A,0
P200552,A,0
P200553,B,0
P200554,A,0
P200555,A,0
P200556,A,0
P200557,A,0
P200558,A,0
P200559,A,0
P200560,B,0
P200561,B,0
P200562,B,0
P200563,A,0
P200564,A,0
P200565,A,0
P200566,B,0
P200567,A,0
P200568,A,0
P200569,A,0
P200570,B,0
P200571,B,0
P200572,B,0
P200573,A,0
P200574,A,0
P200575,B,0
P200576,A,0
P200577,A,0
P200578,B,0
P200579,B,1
P200580,B,0
P200581,A,0
P200582,A,0
P200583,A,0
P200584,B,0
P200585,B,0
P200586,B,0
P200587,B,0
P200588,B,0
P200589,A,0
P200590,B,0
P200591,B,0
P200592,A,0
P200593,A,0
P200594,B,0
P200595,A,0
P200596,B,0
P200597,A,0
P200598,B,0
P200599,A,0
P200600,A,0
P200601,A,0
P200602,A,0
P200603,A,0
P200604,A,0
P200605,B,0
P200606,A,0
P200607,B,0
P200608,B,0
P200609,B,0
P200610,A,0
P200611,A,0
P200612,A,1
P200613,B,0
P200614,B,1
P200615,A,0
P200616,A,0
P200617,A,0
P200618,A,0
P200619,A,0
P200620,B,0
P200621,A,0
P200622,B,0
P200623,B,0
P200624,B,0
P200625,A,0
P200626,A,0
P200627,A,0
P200628,B,0
P200629,A,0
P200630,A,0
P200631,A,0
P200632,A,0
P200633,B,0
P200634,A,0
P200635,A,0
P200636,A,0
P200637,A,0
P200638,B,0
P200639,A,0
P200640,A,0
P200641,B,0
P200642,B,0
P200643,A,0
P200644,A,0
P200645,A,0
P200646,A,0
P200647,A,0
P200648,A,0
P200649,B,0
P200650,A,0
P200651,B,0
P200652,B,1
P200653,B,0
P200654,A,0
P200655,B,0
P200656,B,0
P200657,A,0
P200658,A,1
P200659,A,0
P200660,B,0
P200661,A,0
P200662,A,0
P200663,B,0
P200664,A,0
P200665,B,0
P200666,A,0
P200667,B,0
P200668,A,0
P200669,A,0
P200670,B,0
P200671,A,0
P200672,A,0
P200673,B,0
P200674,A,0
P200675,B,0
P200676,A,0
P200677,A,0
P200678,A,0
P200679,B,0
P200680,A,0
P200681,B,0
P200682,B,0
P200683,A,0
P200684,B,0
P200685,B,0
P200686,A,0
P200687,A,0
P200688,A,0
P200689,B,0
P200690,B,0
P200691,A,0
P200692,A,0
P200693,B,0
P200694,A,0
P200695,B,0
P200696,A,0
P200697,B,0
P200698,B,0
P200699,A,0
P200700,A,0
P200701,A,0
P200702,A,1
P200703,A,0
P200704,B,1
P200705,A,0
P200706,A,0
P200707,B,0
P200708,B,0
P200709,A,0
P200710,B,0
P200711,B,0
P200712,A,0
P200713,A,0
P200714,A,0
P200715,B,1
P200716,B,0
P200717,B,0
P200718,A,0
P200719,A,0
P200720,B,0
P200721,A,0
P200722,A,0
P200723,A,0
P200724,B,0
P200725,A,0
P200726,A,0
P200727,B,0
P200728,B,0
P200729,B,0
P200730,B,0
P200731,A,0
P200732,A,0
P200733,B,0
P200734,A,0
P200735,B,0
P200736,B,0
P200737,A,0
P200738,A,0
P200739,A,0
P200740,A,0
P200741,A,0
P200742,B,0
P200743,A,0
P200744,B,0
P200745,A,0
P200746,A,0
P200747,A,0
P200748,B,1
P200749,A,0
P200750,A,0
P200751,B,0
P200752,A,0
P200753,A,0
P200754,A,0
P200755,A,0
P200756,A,0
P200757,A,0
P200758,A,0
P200759,B,0
P200760,B,0
P200761,B,0
P200762,B,0
P200763,A,0
P200764,B,0
P200765,A,0
P200766,B,0
P200767,A,0
P200768,A,0
P200769,B,0
P200770,B,0
P200771,B,0
P200772,A,0
P200773,A,0
P200774,A,0
P200775,A,0
P200776,A,0
P200777,A,0
P200778,A,0
P200779,A,0
P200780,B,0
P200781,B,0
P200782,A,0
P200783,A,0
P200784,A,0
P200785,A,0
P200786,B,0
P200787,B,1
P200788,B,0
P200789,A,0
P200790,B,0
P200791,A,0
P200792,A,0
P200793,A,0
P200794,B,0
P200795,A,0
P200796,A,0
P200797,B,0
P200798,A,0
P200799,A,0
P200800,A,0
P200801,A,0
P200802,B,0
P200803,A,0
P200804,A,0
P200805,A,0
P200806,B,0
P200807,A,0
P200808,B,0
P200809,A,0
P200810,A,0
P200811,B,0
P200812,A,0
P200813,A,0
P200814,A,0
P200815,A,0
P200816,A,0
P200817,B,0
P200818,B,0
P200819,A,0
P200820,A,0
P200821,B,0
P200822,A,0
P200823,A,0
P200824,B,0
P200825,B,0
P200826,B,0
P200827,B,0
P200828,B,0
P200829,A,0
P200830,B,0
P200831,A,0
P200832,A,0
P200833,A,0
P200834,B,0
P200835,A,0
P200836,B,0
P200837,B,0
P200838,A,0
P200839,B,0
P200840,B,0
P200841,B,0
P200842,A,0
P200843,B,0
P200844,B,0
P200845,A,0
P200846,A,0
P200847,A,0
P200848,B,0
P200849,A,0
P200850,A,0
P200851,B,0
P200852,A,0
P200853,B,0
P200854,A,0
P200855,A,0
P200856,A,0
P200857,B,0
P200858,B,0
P200859,B,0
P200860,B,0
P200861,A,0
P200862,A,0
P200863,A,0
P200864,B,0
P200865,B,0
P200866,A,0
P200867,B,0
P200868,B,0
P200869,A,0
P200870,B,0
P200871,A,0
P200872,B,0
P200873,A,0
P200874,A,0
P200875,A,0
P200876,B,0
P200877,B,0
P200878,A,0
P200879,B,0
P200880,B,0
P200881,B,0
P200882,A,0
P200883,A,0
P200884,B,0
P200885,A,0
P200886,A,0
P200887,A,0
P200888,A,0
P200889,A,0
P200890,B,0
P200891,A,0
P200892,A,0
P200893,A,0
P200894,B,0
P200895,B,0
P200896,B,0
P200897,A,0
P200898,A,0
P200899,B,0
P200900,B,0
P200901,B,0
P200902,A,0
P200903,A,0
P200904,A,0
P200905,B,0
P200906,A,0
P200907,A,0
P200908,A,0
P200909,A,0
P200910,A,0
P200911,A,0
P200912,B,0
P200913,A,0
P200914,A,0
P200915,A,0
P200916,A,0
P200917,B,0
P200918,A,0
P200919,B,0
P200920,A,0
P200921,B,0
P200922,A,0
P200923,A,0
P200924,B,0
P200925,A,0
P200926,A,0
P200927,B,0
P200928,A,0
P200929,A,0
P200930,A,0
P200931,B,0
P200932,B,0
P200933,A,0
P200934,A,0
P200935,A,0
P200936,A,0
P200937,B,0
P200938,A,0
P200939,A,0
P200940,B,0
P200941,B,0
P200942,B,0
P200943,B,0
P200944,B,0
P200945,A,0
P200946,A,0
P200947,A,0
P200948,A,0
P200949,B,0
P200950,A,0
P200951,A,0
P200952,A,0
P200953,A,0
P200954,B,0
P200955,B,0
P200956,A,0
P200957,A,0
P200958,B,0
P200959,B,0
P200960,A,0
P200961,B,0
P200962,B,0
P200963,B,0
P200964,B,0
P200965,B,0
P200966,A,0
P200967,B,0
P200968,B,0
P200969,B,0
P200970,B,0
P200971,A,0
P200972,A,0
P200973,A,0
P200974,B,0
P200975,A,0
P200976,A,0
P200977,A,0
P200978,B,1
P200979,B,0
P200980,B,0
P200981,B,0
P200982,A,0
P200983,B,0
P200984,A,0
P200985,A,0
P200986,B,0
P200987,B,0
P200988,B,0
P200989,A,0
P200990,A,0
P200991,A,0
P200992,A,0
P200993,A,0
P200994,A,0
P200995,A,0
P200996,B,1
P200997,B,0
P200998,B,0
P200999,B,0
P201000,A,0
P201001,B,0
P201002,A,0
P201003,A,0
P201004,A,0
P201005,A,0
P201006,B,1
P201007,A,0
P201008,B,1
P201009,B,0
P201010,A,0
P201011,A,0
P201012,B,0
P201013,A,0
P201014,A,0
P201015,B,0
P201016,B,0
P201017,B,1
P201018,A,0
P201019,A,0
P201020,A,0
P201021,A,0
P201022,A,0
P201023,A,0
P201024,B,0
P201025,B,0
P201026,B,0
P201027,B,0
P201028,A,0
P201029,A,0
P201030,B,0
P201031,B,0
P201032,A,0
P201033,A,0
P201034,B,0
P201035,A,0
P201036,A,0
P201037,A,0
P201038,B,0
P201039,A,0
P201040,B,0
P201041,A,0
P201042,A,1
P201043,B,0
P201044,A,0
P201045,A,0
P201046,A,0
P201047,B,0
P201048,A,0
P201049,A,0
P201050,B,0
P201051,A,0
P201052,A,0
P201053,B,0
P201054,A,0
P201055,A,0
P201056,B,0
P201057,B,0
P201058,A,0
P201059,A,0
P201060,B,0
P201061,A,0
P201062,A,0
P201063,A,0
P201064,B,0
P201065,A,0
P201066,B,0
P201067,B,0
P201068,A,0
P201069,A,0
P201070,B,0
P201071,A,0
P201072,A,0
P201073,B,0
P201074,A,0
P201075,A,0
P201076,A,0
P201077,A,0
P201078,A,0
P201079,B,0
P201080,B,0
P201081,A,0
P201082,A,0
P201083,A,0
P201084,A,0
P201085,A,0
P201086,A,0
P201087,B,0
P201088,A,0
P201089,A,0
P201090,A,0
P201091,A,0
P201092,B,0
P201093,A,1
P201094,B,0
P201095,A,0
P201096,B,0
P201097,B,0
P201098,A,0
P201099,A,0
P201100,B,0
P201101,A,0
P201102,B,0
P201103,A,0
P201104,A,0
P201105,A,0
P201106,B,1
P201107,A,0
P201108,A,0
P201109,A,0
P201110,A,0
P201111,A,0
P201112,A,0
P201113,B,0
P201114,B,0
P201115,A,0
P201116,A,0
P201117,A,0
P201118,B,0
P201119,A,0
P201120,A,0
P201121,A,0
P201122,B,0
P201123,B,0
P201124,A,0
P201125,A,0
P201126,A,0
P201127,A,0
P201128,A,0
P201129,B,0
P201130,A,0
P201131,B,0
P201132,A,0
P201133,B,0
P201134,A,0
P201135,A,0
P201136,B,0
P201137,A,0
P201138,A,0
P201139,B,0
P201140,A,0
P201141,A,0
P201142,B,0
P201143,B,0
P201144,B,0
P201145,A,1
P201146,B,0
P201147,B,0
P201148,B,0
P201149,B,0
P201150,A,0
P201151,A,0
P201152,B,0
P201153,B,0
P201154,A,0
P201155,B,0
P201156,B,0
P201157,B,0
P201158,B,0
P201159,B,0
P201160,B,0
P201161,B,0
P201162,A,0
P201163,A,0
P201164,A,0
P201165,A,0
P201166,A,0
P201167,B,0
P201168,B,0
P201169,A,0
P201170,B,0
P201171,A,0
P201172,A,0
P201173,B,0
P201174,A,0
P201175,B,0
P201176,A,0
P201177,A,0
P201178,B,0
P201179,A,0
P201180,B,0
P201181,A,0
P201182,A,0
P201183,B,0
P201184,B,0
P201185,A,0
P201186,A,0
P201187,B,0
P201188,A,0
P201189,A,0
P201190,B,0
P201191,A,0
P201192,A,0
P201193,A,0
P201194,B,0
P201195,B,0
P201196,B,0
P201197,A,0
P201198,A,0
P201199,A,0
P201200,A,0
P201201,A,0
P201202,A,0
P201203,B,0
P201204,B,0
P201205,A,0
P201206,B,0
P201207,B,0
P201208,A,0
P201209,A,0
P201210,B,0
P201211,A,0
P201212,A,0
P201213,A,0
P201214,A,0
P201215,B,0
P201216,B,0
P201217,A,0
P201218,B,0
P201219,B,0
P201220,B,0
P201221,A,0
P201222,A,0
P201223,A,0
P201224,A,0
P201225,A,0
P201226,A,0
P201227,A,0
P201228,A,0
P201229,B,0
P201230,A,0
P201231,B,0
P201232,B,0
P201233,A,0
P201234,A,0
P201235,B,0
P201236,A,0
P201237,B,0
P201238,B,0
P201239,A,0
P201240,A,0
P201241,A,0
P201242,B,0
P201243,B,0
P201244,B,0
P201245,A,0
P201246,A,0
P201247,A,0
P201248,B,0
P201249,A,0
P201250,A,0
P201251,B,0
P201252,A,1
P201253,A,0
P201254,A,0
P201255,A,0
P201256,B,0
P201257,A,0
P201258,A,0
P201259,A,0
P201260,A,0
P201261,A,0
P201262,A,0
P201263,B,0
P201264,A,0
P201265,B,0
P201266,A,0
P201267,B,0
P201268,A,0
P201269,A,0
P201270,B,0
P201271,A,0
P201272,A,0
P201273,A,0
P201274,A,0
P201275,A,0
P201276,A,0
P201277,B,0
P201278,B,0
P201279,B,0
P201280,A,0
P201281,A,0
P201282,B,0
P201283,A,0
P201284,B,1
P201285,A,0
P201286,A,0
P201287,B,1
P201288,B,0
P201289,B,0
P201290,B,0
P201291,B,0
P201292,A,0
P201293,B,0
P201294,B,0
P201295,B,0
P201296,A,0
P201297,B,0
P201298,A,0
P201299,A,0
P201300,A,0
P201301,A,0
P201302,A,0
P201303,B,0
P201304,B,0
P201305,A,0
P201306,B,0
P201307,A,0
P201308,A,0
P201309,A,0
P201310,B,0
P201311,A,0
P201312,A,0
P201313,A,0
P201314,B,0
P201315,B,0
P201316,A,0
P201317,A,0
P201318,B,0
P201319,B,0
P201320,A,0
P201321,B,0
P201322,B,0
P201323,A,0
P201324,A,0
P201325,A,0
P201326,B,0
P201327,A,0
P201328,A,0
P201329,B,0
P201330,B,0
P201331,A,0
P201332,A,0
P201333,A,0
P201334,B,0
P201335,B,0
P201336,A,0
P201337,A,0
P201338,B,0
P201339,A,0
P201340,B,0
P201341,A,0
P201342,B,0
P201343,A,0
P201344,A,0
P201345,A,0
P201346,B,0
P201347,A,0
P201348,A,0
P201349,B,0
P201350,B,0
P201351,B,0
P201352,A,0
P201353,B,0
P201354,A,0
P201355,A,0
P201356,A,0
P201357,A,0
P201358,A,0
P201359,A,0
P201360,B,0
P201361,A,0
P201362,A,0
P201363,A,0
P201364,B,0
P201365,A,0
P201366,A,0
P201367,A,0
P201368,B,0
P201369,A,0
P201370,A,0
P201371,A,0
P201372,B,0
P201373,A,0
P201374,B,0
P201375,A,0
P201376,B,0
P201377,A,0
P201378,B,0
P201379,A,0
P201380,A,0
P201381,A,0
P201382,B,0
P201383,B,0
P201384,A,0
P201385,B,0
P201386,A,0
P201387,B,0
P201388,A,0
P201389,A,0
P201390,A,0
P201391,B,0
P201392,B,0
P201393,A,0
P201394,A,0
P201395,A,0
P201396,A,0
P201397,A,0
P201398,A,0
P201399,A,0
P201400,B,0
P201401,B,0
P201402,A,0
P201403,B,0
P201404,A,0
P201405,B,0
P201406,A,0
P201407,B,0
P201408,A,0
P201409,A,0
P201410,B,0
P201411,A,0
P201412,A,0
P201413,B,0
P201414,B,0
P201415,A,0
P201416,A,0
P201417,A,0
P201418,B,0
P201419,A,0
P201420,B,0
P201421,A,0
P201422,A,0
P201423,A,0
P201424,A,0
P201425,B,0
P201426,A,0
P201427,B,0
P201428,A,0
P201429,A,0
P201430,A,0
P201431,B,0
P201432,B,0
P201433,A,0
P201434,B,0
P201435,A,0
P201436,B,1
P201437,B,0
P201438,B,0
P201439,B,0
P201440,B,0
P201441,B,0
P201442,A,0
P201443,A,0
P201444,B,0
P201445,B,0
P201446,A,0
P201447,A,0
P201448,B,0
P201449,B,0
P201450,A,0
P201451,A,0
P201452,A,0
P201453,A,0
P201454,B,0
P201455,B,0
P201456,A,0
P201457,A,0
P201458,B,0
P201459,A,0
P201460,A,0
P201461,B,0
P201462,B,0
P201463,A,0
P201464,B,0
P201465,A,0
P201466,A,0
P201467,A,0
P201468,A,0
P201469,A,0
P201470,A,0
P201471,B,0
P201472,B,0
P201473,A,0
P201474,A,0
P201475,A,0
P201476,A,0
P201477,A,0
P201478,B,0
P201479,A,0
P201480,A,0
P201481,A,1
P201482,A,0
P201483,B,0
P201484,A,0
P201485,A,0
P201486,B,0
P201487,A,0
P201488,A,0
P201489,B,0
P201490,B,0
P201491,A,0
P201492,A,0
P201493,B,0
P201494,A,0
P201495,A,1
P201496,A,0
P201497,A,0
P201498,A,0
P201499,A,0
P201500,B,0
P201501,A,0
P201502,A,0
P201503,A,0
P201504,B,0
P201505,A,0
P201506,A,0
P201507,A,1
P201508,A,0
P201509,B,0
P201510,A,0
P201511,A,0
P201512,B,0
P201513,A,0
P201514,A,0
P201515,A,0
P201516,B,0
P201517,A,0
P201518,A,0
P201519,A,0
P201520,A,0
P201521,B,0
P201522,B,0
P201523,B,0
P201524,B,1
P201525,B,0
P201526,A,0
P201527,A,0
P201528,A,0
P201529,A,0
P201530,A,0
P201531,A,0
P201532,A,0
P201533,A,0
P201534,B,0
P201535,A,1
P201536,A,0
P201537,B,0
P201538,A,0
P201539,A,0
P201540,A,0
P201541,B,0
P201542,B,0
P201543,A,0
P201544,A,0
P201545,A,0
P201546,A,0
P201547,B,0
P201548,B,0
P201549,A,0
P201550,B,0
P201551,A,0
P201552,B,0
P201553,B,0
P201554,A,0
P201555,B,0
P201556,A,0
P201557,A,0
P201558,B,0
P201559,A,0
P201560,A,0
P201561,B,0
P201562,B,0
P201563,A,1
P201564,A,0
P201565,A,0
P201566,A,0
P201567,B,0
P201568,A,0
P201569,A,0
P201570,A,0
P201571,A,0
P201572,B,0
P201573,A,0
P201574,A,0
P201575,B,0
P201576,A,0
P201577,A,0
P201578,A,0
P201579,A,0
P201580,A,0
P201581,A,0
P201582,A,0
P201583,B,0
P201584,A,0
P201585,B,0
P201586,B,0
P201587,A,0
P201588,A,0
P201589,A,0
P201590,A,0
P201591,B,0
P201592,A,0
P201593,B,0
P201594,B,0
P201595,A,0
P201596,A,0
P201597,A,0
P201598,B,0
P201599,B,0
P201600,A,0
P201601,A,0
P201602,A,0
P201603,B,0
P201604,B,0
P201605,A,1
P201606,A,0
P201607,A,0
P201608,A,0
P201609,B,0
P201610,A,0
P201611,B,0
P201612,A,0
P201613,A,0
P201614,A,0
P201615,B,0
P201616,B,0
P201617,A,0
P201618,A,0
P201619,A,0
P201620,A,0
P201621,B,0
P201622,A,0
P201623,A,0
P201624,B,0
P201625,A,0
P201626,A,0
P201627,A,0
P201628,B,0
P201629,A,0
P201630,A,0
P201631,B,0
P201632,A,0
P201633,B,0
P201634,B,0
P201635,B,0
P201636,B,0
P201637,A,0
P201638,A,0
P201639,B,0
P201640,A,0
P201641,A,0
P201642,B,0
P201643,A,0
P201644,A,0
P201645,B,0
P201646,B,0
P201647,B,0
P201648,B,0
P201649,B,0
P201650,B,0
P201651,A,0
P201652,B,0
P201653,A,0
P201654,A,0
P201655,A,0
P201656,A,0
P201657,A,0
P201658,A,0
P201659,A,0
P201660,A,0
P201661,A,0
P201662,B,0
P201663,B,0
P201664,B,0
P201665,A,0
P201666,B,0
P201667,A,0
P201668,A,0
P201669,B,0
P201670,B,0
P201671,B,0
P201672,B,0
P201673,A,0
P201674,B,0
P201675,B,0
P201676,B,0
P201677,B,0
P201678,A,0
P201679,A,0
P201680,A,0
P201681,A,0
P201682,A,0
P201683,A,0
P201684,B,0
P201685,B,0
P201686,B,0
P201687,A,0
P201688,A,0
P201689,B,0
P201690,A,0
P201691,B,0
P201692,B,0
P201693,A,0
P201694,B,0
P201695,A,0
P201696,B,0
P201697,A,0
P201698,A,0
P201699,B,0
P201700,B,0
P201701,B,0
P201702,A,0
P201703,B,0
P201704,B,0
P201705,B,0
P201706,B,0
P201707,B,0
P201708,B,0
P201709,A,0
P201710,A,0
P201711,A,0
P201712,B,0
P201713,B,0
P201714,B,0
P201715,A,0
P201716,A,0
P201717,A,0
P201718,A,0
P201719,A,0
P201720,B,0
P201721,A,0
P201722,A,0
P201723,A,0
P201724,B,0
P201725,B,1
P201726,A,0
P201727,B,0
P201728,A,0
P201729,A,0
P201730,A,0
P201731,A,0
P201732,B,0
P201733,B,0
P201734,B,0
P201735,A,0
P201736,A,0
P201737,A,0
P201738,A,0
P201739,A,0
P201740,A,0
P201741,B,0
P201742,B,0
P201743,A,0
P201744,A,0
P201745,A,0
P201746,A,0
P201747,A,0
P201748,A,0
P201749,B,0
P201750,B,0
P201751,A,0
P201752,B,0
P201753,A,0
P201754,B,0
P201755,A,0
P201756,A,0
P201757,A,0
P201758,A,0
P201759,A,0
P201760,B,0
P201761,B,0
P201762,A,0
P201763,A,0
P201764,B,1
P201765,B,0
P201766,B,0
P201767,A,0
P201768,B,0
P201769,B,0
P201770,A,0
P201771,A,0
P201772,B,0
P201773,B,0
P201774,A,0
P201775,B,0
P201776,A,0
P201777,A,0
P201778,A,0
P201779,B,0
P201780,A,0
P201781,A,0
P201782,A,0
P201783,A,0
P201784,B,0
P201785,A,0
P201786,B,0
P201787,B,0
P201788,A,0
P201789,B,0
P201790,A,0
P201791,A,0
P201792,B,0
P201793,B,0
P201794,A,0
P201795,A,0
P201796,B,0
P201797,B,0
P201798,A,0
P201799,A,0
P201800,A,0
P201801,A,0
P201802,A,0
P201803,A,0
P201804,A,0
P201805,B,0
P201806,A,0
P201807,A,0
P201808,A,0
P201809,A,0
P201810,A,0
P201811,B,0
P201812,A,0
P201813,A,0
P201814,A,0
P201815,A,0
P201816,A,0
P201817,A,0
P201818,A,0
P201819,B,0
P201820,B,0
P201821,A,0
P201822,B,0
P201823,B,0
P201824,B,0
P201825,A,0
P201826,B,0
P201827,B,0
P201828,A,0
P201829,A,0
P201830,B,0
P201831,B,0
P201832,A,0
P201833,B,0
P201834,A,0
P201835,A,0
P201836,A,0
P201837,A,0
P201838,B,0
P201839,A,0
P201840,B,0
P201841,A,0
P201842,A,0
P201843,A,0
P201844,A,0
P201845,B,0
P201846,A,0
P201847,B,0
P201848,A,0
P201849,A,0
P201850,A,0
P201851,B,1
P201852,A,1
P201853,B,0
P201854,B,0
P201855,A,0
P201856,A,0
P201857,A,0
P201858,B,0
P201859,A,0
P201860,A,0
P201861,A,0
P201862,B,0
P201863,B,1
P201864,B,0
P201865,B,0
P201866,A,0
P201867,A,0
P201868,B,0
P201869,B,0
P201870,A,1
P201871,A,0
P201872,B,0
P201873,A,0
P201874,A,0
P201875,B,0
P201876,B,0
P201877,A,0
P201878,A,0
P201879,A,0
P201880,B,0
P201881,B,0
P201882,B,0
P201883,A,0
P201884,A,0
P201885,B,0
P201886,A,0
P201887,B,0
P201888,B,0
P201889,A,0
P201890,B,0
P201891,A,0
P201892,B,0
P201893,A,0
P201894,B,0
P201895,B,0
P201896,A,0
P201897,A,0
P201898,A,0
P201899,A,0
P201900,B,0
P201901,A,0
P201902,A,0
P201903,A,0
P201904,A,0
P201905,B,0
P201906,A,0
P201907,B,1
P201908,B,0
P201909,A,0
P201910,B,1
P201911,A,0
P201912,A,0
P201913,A,0
P201914,A,0
P201915,B,0
P201916,A,0
P201917,A,0
P201918,A,0
P201919,A,0
P201920,B,0
P201921,A,0
P201922,B,0
P201923,B,0
P201924,A,0
P201925,B,0
P201926,A,0
P201927,A,0
P201928,A,0
P201929,A,0
P201930,B,0
P201931,A,0
P201932,B,0
P201933,A,0
P201934,B,0
P201935,A,0
P201936,B,0
P201937,A,0
P201938,B,0
P201939,B,0
P201940,B,0
P201941,A,0
P201942,A,0
P201943,B,0
P201944,A,0
P201945,A,0
P201946,A,0
P201947,A,0
P201948,A,0
P201949,A,0
P201950,A,0
P201951,A,0
P201952,A,0
P201953,A,0
P201954,B,1
P201955,A,0
P201956,B,0
P201957,A,0
P201958,A,0
P201959,A,0
P201960,A,0
P201961,B,0
P201962,A,0
P201963,B,0
P201964,B,0
P201965,A,0
P201966,A,0
P201967,A,0
P201968,B,0
P201969,B,0
P201970,B,0
P201971,A,0
P201972,B,0
P201973,B,0
P201974,A,0
P201975,A,0
P201976,A,0
P201977,A,0
P201978,B,0
P201979,A,0
P201980,A,0
P201981,A,0
P201982,A,0
P201983,A,0
P201984,B,0
P201985,A,0
P201986,A,0
P201987,B,0
P201988,A,0
P201989,A,0
P201990,A,0
P201991,A,0
P201992,A,0
P201993,A,0
P201994,A,0
P201995,B,0
P201996,A,0
P201997,B,0
P201998,A,0
P201999,A,0
P202000,B,0
P202001,A,0
P202002,A,0
P202003,A,0
P202004,B,0
P202005,A,0
P202006,A,0
P202007,A,0
P202008,B,0
P202009,A,0
P202010,A,0
P202011,A,0
P202012,B,0
P202013,A,0
P202014,A,0
P202015,B,0
P202016,A,0
P202017,B,0
P202018,B,0
P202019,B,0
P202020,A,0
P202021,A,0
P202022,A,0
P202023,B,0
P202024,B,0
P202025,A,0
P202026,B,0
P202027,B,0
P202028,A,0
P202029,A,0
P202030,A,0
P202031,A,0
P202032,B,0
P202033,B,0
P202034,A,0
P202035,A,0
P202036,A,0
P202037,B,0
P202038,B,0
P202039,A,0
P202040,A,0
P202041,A,0
P202042,A,0
P202043,B,0
P202044,A,0
P202045,A,0
P202046,A,0
P202047,A,0
P202048,A,0
P202049,A,0
P202050,B,0
P202051,A,0
P202052,A,0
P202053,A,0
P202054,B,0
P202055,A,0
P202056,B,0
P202057,A,0
P202058,A,0
P202059,A,0
P202060,B,0
P202061,A,0
P202062,A,0
P202063,A,0
P202064,A,0
P202065,A,0
P202066,A,0
P202067,A,0
P202068,A,0
P202069,A,0
P202070,A,0
P202071,A,0
P202072,A,0
P202073,A,1
P202074,A,0
P202075,A,0
P202076,B,0
P202077,A,0
P202078,B,0
P202079,A,0
P202080,A,0
P202081,A,0
P202082,A,0
P202083,A,0
P202084,A,0
P202085,B,0
P202086,A,0
P202087,B,0
P202088,A,0
P202089,B,0
P202090,A,0
P202091,B,0
P202092,A,0
P202093,A,0
P202094,A,0
P202095,B,0
P202096,B,0
P202097,A,0
P202098,B,0
P202099,A,0
P202100,A,0
P202101,A,0
P202102,B,0
P202103,A,0
P202104,A,0
P202105,A,1
P202106,A,0
P202107,A,0
P202108,A,0
P202109,A,0
P202110,A,0
P202111,A,0
P202112,A,0
P202113,B,0
P202114,A,0
P202115,B,0
P202116,A,0
P202117,A,0
P202118,A,0
P202119,B,0
P202120,B,0
P202121,A,0
P202122,A,0
P202123,B,0
P202124,A,0
P202125,B,0
P202126,A,0
P202127,B,0
P202128,A,0
P202129,A,0
P202130,B,0
P202131,A,0
P202132,A,0
P202133,A,0
P202134,A,0
P202135,A,1
P202136,B,0
P202137,B,1
P202138,A,0
P202139,B,0
P202140,A,0
P202141,A,0
P202142,A,0
P202143,B,0
P202144,B,0
P202145,A,0
P202146,A,0
P202147,A,0
P202148,A,0
P202149,A,0
P202150,A,0
P202151,B,0
P202152,B,1
P202153,A,0
P202154,A,0
P202155,B,0
P202156,B,0
P202157,A,0
P202158,A,0
P202159,B,0
P202160,B,0
P202161,A,0
P202162,A,0
P202163,A,0
P202164,A,0
P202165,B,1
P202166,A,0
P202167,B,0
P202168,A,0
P202169,A,0
P202170,B,0
P202171,B,0
P202172,B,0
P202173,A,0
P202174,A,0
P202175,B,0
P202176,B,0
P202177,B,0
P202178,A,0
P202179,A,0
P202180,A,0
P202181,B,0
P202182,B,0
P202183,A,0
P202184,A,0
P202185,A,0
P202186,A,0
P202187,A,0
P202188,B,0
P202189,A,0
P202190,A,0
P202191,A,0
P202192,B,0
P202193,A,0
P202194,B,0
P202195,B,0
P202196,A,0
P202197,A,0
P202198,B,0
P202199,A,0
P202200,A,0
P202201,B,0
P202202,B,0
P202203,A,0
P202204,A,0
P202205,B,0
P202206,A,0
P202207,A,0
P202208,A,0
P202209,A,0
P202210,B,0
P202211,B,0
P202212,B,0
P202213,B,0
P202214,A,0
P202215,A,0
P202216,A,0
P202217,A,0
P202218,A,0
P202219,A,0
P202220,A,0
P202221,A,0
P202222,A,0
P202223,A,0
P202224,A,0
P202225,A,0
P202226,A,0
P202227,B,0
P202228,B,0
P202229,A,0
P202230,B,0
P202231,B,0
P202232,A,0
P202233,A,0
P202234,B,0
P202235,B,0
P202236,A,0
P202237,B,0
P202238,A,0
P202239,A,0
P202240,A,0
P202241,A,0
P202242,A,0
P202243,B,0
P202244,A,0
P202245,A,0
P202246,A,0
P202247,A,0
P202248,B,0
P202249,A,0
P202250,A,0
P202251,A,0
P202252,A,0
P202253,A,0
P202254,A,0
P202255,A,0
P202256,A,0
P202257,B,0
P202258,A,0
P202259,A,0
P202260,B,0
P202261,B,0
P202262,A,0
P202263,B,0
P202264,B,0
P202265,A,0
P202266,A,0
P202267,A,0
P202268,A,0
P202269,A,0
P202270,A,0
P202271,B,0
P202272,A,0
P202273,A,0
P202274,A,0
P202275,B,0
P202276,B,0
P202277,A,0
P202278,A,0
P202279,A,0
P202280,B,0
P202281,A,0
P202282,A,0
P202283,A,0
P202284,B,0
P202285,A,0
P202286,B,0
P202287,A,0
P202288,A,0
P202289,A,0
P202290,B,0
P202291,B,0
P202292,B,1
P202293,B,0
P202294,B,0
P202295,B,0
P202296,A,0
P202297,B,0
P202298,B,0
P202299,A,0
P202300,B,0
P202301,A,0
P202302,A,0
P202303,A,0
P202304,A,0
P202305,A,0
P202306,B,1
P202307,A,0
P202308,A,0
P202309,B,0
P202310,A,0
P202311,A,0
P202312,A,0
P202313,A,0
P202314,A,0
P202315,B,0
P202316,A,0
P202317,A,0
P202318,B,0
P202319,B,0
P202320,A,0
P202321,A,0
P202322,B,0
P202323,B,0
P202324,B,0
P202325,A,0
P202326,A,0
P202327,A,0
P202328,B,0
P202329,B,0
P202330,A,0
P202331,A,1
P202332,B,0
P202333,A,0
P202334,A,0
P202335,B,1
P202336,A,0
P202337,A,0
P202338,A,0
P202339,A,0
P202340,A,0
P202341,B,0
P202342,A,0
P202343,B,0
P202344,A,0
P202345,A,0
P202346,B,0
P202347,A,0
P202348,A,0
P202349,A,0
P202350,A,0
P202351,A,1
P202352,B,0
P202353,A,0
P202354,B,0
P202355,A,0
P202356,A,0
P202357,A,0
P202358,A,0
P202359,A,0
P202360,B,0
P202361,A,0
P202362,A,0
P202363,B,0
P202364,A,0
P202365,A,0
P202366,A,0
P202367,A,0
P202368,A,0
P202369,A,0
P202370,A,0
P202371,B,0
P202372,B,0
P202373,B,0
P202374,A,0
P202375,A,0
P202376,A,0
P202377,A,0
P202378,A,0
P202379,A,1
P202380,A,0
P202381,B,0
P202382,A,0
P202383,B,0
P202384,B,0
P202385,A,0
P202386,A,0
P202387,A,0
P202388,B,1
P202389,A,0
P202390,A,0
P202391,A,0
P202392,A,0
P202393,B,0
P202394,A,0
P202395,A,0
P202396,A,0
P202397,B,0
P202398,A,0
P202399,B,1
P202400,B,0
P202401,B,0
P202402,A,0
P202403,A,0
P202404,A,0
P202405,A,1
P202406,A,0
P202407,A,0
P202408,A,0
P202409,B,0
P202410,A,0
P202411,A,0
P202412,B,0
P202413,A,0
P202414,B,0
P202415,A,0
P202416,B,0
P202417,B,0
P202418,A,0
P202419,B,0
P202420,A,0
P202421,A,0
P202422,B,0
P202423,B,0
P202424,A,0
P202425,A,1
P202426,B,1
P202427,A,0
P202428,B,0
P202429,B,0
P202430,A,0
P202431,A,0
P202432,A,0
P202433,B,0
P202434,B,0
P202435,A,0
P202436,A,0
P202437,B,0
P202438,A,0
P202439,B,0
P202440,A,0
P202441,B,0
P202442,B,0
P202443,A,0
P202444,B,0
P202445,A,0
P202446,A,0
P202447,A,0
P202448,B,0
P202449,B,0
P202450,B,0
P202451,B,0
P202452,A,0
P202453,A,0
P202454,A,0
P202455,B,0
P202456,B,0
P202457,A,0
P202458,B,0
P202459,A,0
P202460,A,0
P202461,A,0
P202462,B,0
P202463,A,0
P202464,B,0
P202465,A,0
P202466,A,0
P202467,A,0
P202468,B,0
P202469,A,0
P202470,B,0
P202471,A,0
P202472,A,0
P202473,B,0
P202474,A,0
P202475,B,0
P202476,A,0
P202477,B,0
P202478,B,0
P202479,B,0
P202480,A,0
P202481,B,0
P202482,A,0
P202483,A,0
P202484,A,0
P202485,A,0
P202486,B,0
P202487,B,0
P202488,A,0
P202489,B,0
P202490,A,0
P202491,B,0
P202492,B,1
P202493,B,0
P202494,A,0
P202495,B,0
P202496,A,0
P202497,B,0
P202498,A,0
P202499,B,0
P202500,A,0
P202501,A,0
P202502,A,0
P202503,B,0
P202504,B,0
P202505,B,1
P202506,B,0
P202507,A,0
P202508,B,0
P202509,A,0
P202510,B,0
P202511,B,0
P202512,A,0
P202513,B,0
P202514,B,0
P202515,A,0
P202516,A,0
P202517,A,0
P202518,B,0
P202519,A,0
P202520,A,0
P202521,A,0
P202522,A,0
P202523,B,0
P202524,A,0
P202525,B,0
P202526,A,0
P202527,A,0
P202528,A,0
P202529,B,0
P202530,A,0
P202531,A,0
P202532,A,0
P202533,A,0
P202534,B,0
P202535,B,0
P202536,A,0
P202537,A,0
P202538,B,0
P202539,A,0
P202540,A,0
P202541,A,0
P202542,A,0
P202543,A,0
P202544,A,0
P202545,A,0
P202546,A,0
P202547,B,0
P202548,B,0
P202549,B,0
P202550,B,0
P202551,A,0
P202552,A,0
P202553,B,0
P202554,A,0
P202555,A,0
P202556,A,0
P202557,A,0
P202558,B,0
P202559,B,0
P202560,B,0
P202561,B,0
P202562,A,0
P202563,B,0
P202564,A,0
P202565,B,0
P202566,A,0
P202567,B,0
P202568,B,0
P202569,A,0
P202570,A,0
P202571,A,0
P202572,A,0
P202573,A,0
P202574,B,0
P202575,A,0
P202576,A,0
P202577,B,0
P202578,A,0
P202579,A,1
P202580,B,0
P202581,B,0
P202582,A,0
P202583,A,0
P202584,A,0
P202585,A,0
P202586,A,0
P202587,B,0
P202588,B,0
P202589,A,0
P202590,A,0
P202591,A,0
P202592,A,0
P202593,B,0
P202594,B,0
P202595,A,0
P202596,A,0
P202597,B,0
P202598,A,0
P202599,A,0
P202600,A,0
P202601,A,0
P202602,A,0
P202603,B,0
P202604,A,0
P202605,A,0
P202606,B,0
P202607,A,0
P202608,A,0
P202609,A,0
P202610,A,0
P202611,B,0
P202612,A,0
P202613,B,0
P202614,B,0
P202615,A,0
P202616,A,0
P202617,A,0
P202618,A,0
P202619,A,0
P202620,A,0
P202621,B,0
P202622,A,0
P202623,A,0
P202624,A,0
P202625,A,0
P202626,B,0
P202627,B,0
P202628,A,0
P202629,B,0
P202630,B,0
P202631,B,0
P202632,B,0
P202633,B,0
P202634,A,0
P202635,A,0
P202636,A,0
P202637,A,0
P202638,B,0
P202639,A,0
P202640,B,0
P202641,A,1
P202642,B,0
P202643,B,0
P202644,B,0
P202645,B,0
P202646,A,0
P202647,A,0
P202648,B,0
P202649,A,0
P202650,A,0
P202651,A,0
P202652,A,0
P202653,B,0
P202654,B,0
P202655,B,0
P202656,A,0
P202657,A,0
P202658,B,0
P202659,B,0
P202660,B,0
P202661,B,0
P202662,A,0
P202663,A,0
P202664,B,0
P202665,B,0
P202666,B,0
P202667,A,0
P202668,B,0
P202669,A,0
P202670,A,0
P202671,A,0
P202672,B,0
P202673,A,0
P202674,A,0
P202675,A,0
P202676,B,0
P202677,A,0
P202678,B,0
P202679,A,0
P202680,A,0
P202681,B,0
P202682,A,0
P202683,A,0
P202684,A,0
P202685,B,0
P202686,A,0
P202687,A,0
P202688,B,0
P202689,A,1
P202690,A,0
P202691,A,0
P202692,B,0
P202693,A,0
P202694,B,0
P202695,B,0
P202696,A,0
P202697,B,0
P202698,A,0
P202699,A,0
P202700,B,1
P202701,A,0
P202702,A,0
P202703,A,0
P202704,A,0
P202705,A,0
P202706,B,0
P202707,B,0
P202708,A,0
P202709,A,0
P202710,A,0
P202711,A,0
P202712,A,0
P202713,A,0
P202714,A,0
P202715,A,0
P202716,B,0
P202717,A,0
P202718,B,0
P202719,B,0
P202720,B,0
P202721,B,1
P202722,B,0
P202723,A,0
P202724,A,0
P202725,B,0
P202726,B,0
P202727,A,0
P202728,B,0
P202729,A,0
P202730,A,0
P202731,A,0
P202732,B,0
P202733,B,0
P202734,B,0
P202735,B,0
P202736,A,0
P202737,B,0
P202738,A,0
P202739,B,0
P202740,A,0
P202741,A,0
P202742,B,0
P202743,B,0
P202744,A,0
P202745,B,0
P202746,A,0
P202747,A,0
P202748,B,0
P202749,A,0
P202750,B,0
P202751,A,0
P202752,A,0
P202753,A,0
P202754,A,0
P202755,A,0
P202756,B,0
P202757,B,0
P202758,B,0
P202759,B,0
P202760,A,0
P202761,A,0
P202762,A,0
P202763,A,0
P202764,B,0
P202765,A,0
P202766,A,0
P202767,A,0
P202768,A,0
P202769,A,0
P202770,B,0
P202771,A,0
P202772,B,0
P202773,A,0
P202774,B,0
P202775,B,0
P202776,B,0
P202777,A,0
P202778,A,0
P202779,B,0
P202780,A,0
P202781,A,0
P202782,A,0
P202783,B,0
P202784,A,0
P202785,B,0
P202786,A,0
P202787,A,0
P202788,A,0
P202789,A,0
P202790,A,0
P202791,A,0
P202792,A,0
P202793,B,0
P202794,A,0
P202795,A,0
P202796,A,0
P202797,A,0
P202798,A,0
P202799,A,0
P202800,B,1
P202801,A,0
P202802,B,0
P202803,A,0
P202804,B,0
P202805,A,0
P202806,A,0
P202807,B,0
P202808,A,0
P202809,A,1
P202810,A,0
P202811,B,0
P202812,B,0
P202813,B,0
P202814,B,0
P202815,A,0
P202816,A,0
P202817,B,0
P202818,B,0
P202819,A,0
P202820,B,0
P202821,A,0
P202822,B,0
P202823,B,0
P202824,B,0
P202825,A,0
P202826,A,0
P202827,A,0
P202828,A,0
P202829,B,0
P202830,B,0
P202831,A,0
P202832,A,0
P202833,A,0
P202834,A,0
P202835,B,0
P202836,B,0
P202837,B,0
P202838,A,0
P202839,A,0
P202840,A,0
P202841,A,0
P202842,B,0
P202843,A,0
P202844,A,0
P202845,B,0
P202846,B,0
P202847,A,0
P202848,B,0
P202849,A,0
P202850,B,0
P202851,A,0
P202852,A,0
P202853,A,0
P202854,A,0
P202855,A,0
P202856,B,0
P202857,A,0
P202858,B,0
P202859,A,0
P202860,A,0
P202861,B,0
P202862,B,0
P202863,A,0
P202864,A,0
P202865,B,0
P202866,A,0
P202867,A,0
P202868,A,0
P202869,A,0
P202870,A,0
P202871,B,0
P202872,A,0
P202873,A,0
P202874,B,0
P202875,B,0
P202876,A,0
P202877,B,0
P202878,B,0
P202879,A,0
P202880,A,0
P202881,B,0
P202882,A,0
P202883,A,0
P202884,B,0
P202885,A,0
P202886,B,0
P202887,A,0
P202888,A,0
P202889,A,0
P202890,A,0
P202891,B,0
P202892,B,0
P202893,A,0
P202894,B,0
P202895,A,0
P202896,A,0
P202897,A,0
P202898,A,0
P202899,B,0
P202900,A,0
P202901,A,0
P202902,A,0
P202903,B,0
P202904,B,0
P202905,B,0
P202906,A,0
P202907,A,0
P202908,A,0
P202909,A,0
P202910,B,0
P202911,A,0
P202912,A,0
P202913,A,0
P202914,A,0
P202915,A,0
P202916,A,0
P202917,A,0
P202918,B,0
P202919,A,0
P202920,B,0
P202921,B,0
P202922,B,0
P202923,A,0
P202924,A,0
P202925,B,0
P202926,A,0
P202927,A,0
P202928,A,0
P202929,B,0
P202930,B,0
P202931,A,0
P202932,A,0
P202933,B,0
P202934,A,0
P202935,A,0
P202936,A,0
P202937,B,0
P202938,A,0
P202939,A,0
P202940,A,0
P202941,B,0
P202942,B,0
P202943,A,0
P202944,B,0
P202945,A,1
P202946,A,0
P202947,B,0
P202948,A,0
P202949,A,0
P202950,A,0
P202951,B,0
P202952,B,0
P202953,B,0
P202954,A,0
P202955,B,0
P202956,A,0
P202957,B,1
P202958,B,0
P202959,A,0
P202960,A,0
P202961,A,0
P202962,B,0
P202963,A,0
P202964,A,0
P202965,A,0
P202966,A,0
P202967,B,0
P202968,A,0
P202969,A,0
P202970,B,0
P202971,B,0
P202972,A,0
P202973,A,0
P202974,B,0
P202975,A,0
P202976,B,0
P202977,A,0
P202978,A,0
P202979,A,0
P202980,A,0
P202981,B,0
P202982,B,0
P202983,B,1
P202984,B,0
P202985,B,0
P202986,B,0
P202987,B,0
P202988,A,0
P202989,A,0
P202990,B,0
P202991,B,0
P202992,B,0
P202993,B,0
P202994,A,0
P202995,B,0
P202996,B,1
P202997,A,0
P202998,B,0
P202999,A,0
P203000,B,0
P203001,B,0
P203002,A,0
P203003,A,0
P203004,A,0
P203005,A,0
P203006,A,0
P203007,A,0
P203008,B,0
P203009,A,0
P203010,A,0
P203011,B,0
P203012,B,0
P203013,B,0
P203014,A,0
P203015,A,0
P203016,A,0
P203017,A,0
P203018,B,0
P203019,A,0
P203020,B,1
P203021,A,0
P203022,A,0
P203023,A,0
P203024,B,1
P203025,A,0
P203026,A,0
P203027,A,0
P203028,A,1
P203029,B,0
P203030,A,0
P203031,A,0
P203032,B,0
P203033,A,0
P203034,A,0
P203035,A,0
P203036,A,0
P203037,A,0
P203038,B,0
P203039,B,0
P203040,A,0
P203041,B,0
P203042,A,0
P203043,A,0
P203044,B,0
P203045,A,0
P203046,A,0
P203047,B,0
P203048,A,1
P203049,A,0
P203050,B,0
P203051,B,0
P203052,B,0
P203053,A,0
P203054,A,0
P203055,A,1
P203056,A,0
P203057,A,0
P203058,B,0
P203059,A,0
P203060,A,0
P203061,A,0
P203062,B,0
P203063,B,0
P203064,B,0
P203065,A,0
P203066,A,0
P203067,A,0
P203068,B,1
P203069,A,0
P203070,A,0
P203071,A,0
P203072,A,0
P203073,A,0
P203074,A,1
P203075,A,0
P203076,A,0
P203077,A,0
P203078,B,0
P203079,A,0
P203080,B,0
P203081,A,0
P203082,A,0
P203083,A,0
P203084,B,0
P203085,A,0
P203086,A,0
P203087,A,0
P203088,A,0
P203089,A,0
P203090,A,0
P203091,A,0
P203092,A,0
P203093,B,0
P203094,A,0
P203095,A,0
P203096,B,0
P203097,B,0
P203098,A,0
P203099,A,0
P203100,B,0
P203101,A,0
P203102,B,0
P203103,A,0
P203104,A,0
P203105,B,0
P203106,B,0
P203107,A,0
P203108,B,0
P203109,A,0
P203110,B,0
P203111,B,0
P203112,A,0
P203113,A,0
P203114,A,0
P203115,A,0
P203116,A,0
P203117,B,0
P203118,A,0
P203119,A,0
P203120,B,0
P203121,A,0
P203122,A,0
P203123,A,0
P203124,A,0
P203125,A,0
P203126,B,0
P203127,A,0
P203128,B,0
P203129,B,0
P203130,B,0
P203131,A,0
P203132,A,0
P203133,B,0
P203134,A,0
P203135,A,0
P203136,B,0
P203137,B,0
P203138,A,0
P203139,B,1
P203140,A,0
P203141,A,0
P203142,B,0
P203143,B,0
P203144,B,0
P203145,A,0
P203146,B,0
P203147,A,0
P203148,A,0
P203149,B,0
P203150,A,0
P203151,A,0
P203152,A,1
P203153,A,0
P203154,A,0
P203155,A,0
P203156,A,0
P203157,A,0
P203158,B,0
P203159,B,0
P203160,A,0
P203161,A,0
P203162,B,0
P203163,A,0
P203164,A,0
P203165,B,0
P203166,A,0
P203167,A,0
P203168,A,0
P203169,A,0
P203170,A,0
P203171,B,0
P203172,B,0
P203173,A,0
P203174,B,0
P203175,B,0
P203176,A,0
P203177,A,0
P203178,A,0
P203179,B,0
P203180,A,0
P203181,B,0
P203182,A,0
P203183,A,0
P203184,A,0
P203185,B,0
P203186,A,0
P203187,A,0
P203188,A,0
P203189,B,0
P203190,B,0
P203191,A,0
P203192,B,0
P203193,A,0
P203194,A,0
P203195,A,0
P203196,A,0
P203197,A,0
P203198,B,0
P203199,B,0
P203200,B,0
P203201,B,0
P203202,B,0
P203203,A,0
P203204,B,0
P203205,A,0
P203206,B,0
P203207,A,0
P203208,A,0
P203209,B,0
P203210,B,1
P203211,A,0
P203212,A,0
P203213,A,0
P203214,B,0
P203215,A,0
P203216,A,0
P203217,A,0
P203218,A,0
P203219,A,0
P203220,B,0
P203221,B,0
P203222,A,0
P203223,B,0
P203224,A,0
P203225,A,0
P203226,A,0
P203227,A,0
P203228,B,0
P203229,A,0
P203230,B,0
P203231,B,0
P203232,B,0
P203233,B,0
P203234,B,0
P203235,A,0
P203236,A,0
P203237,A,0
P203238,B,0
P203239,A,0
P203240,B,0
P203241,A,0
P203242,A,0
P203243,A,0
P203244,B,0
P203245,A,0
P203246,A,0
P203247,A,0
P203248,A,0
P203249,A,0
P203250,A,0
P203251,A,0
P203252,A,0
P203253,B,0
P203254,B,0
P203255,A,0
P203256,A,0
P203257,A,0
P203258,B,0
P203259,A,0
P203260,A,0
P203261,A,0
P203262,A,0
P203263,A,0
P203264,B,1
P203265,A,0
P203266,A,0
P203267,A,0
P203268,B,0
P203269,A,0
P203270,A,0
P203271,B,0
P203272,B,0
P203273,A,0
P203274,A,0
P203275,A,0
P203276,B,0
P203277,A,0
P203278,A,0
P203279,A,0
P203280,A,0
P203281,A,0
P203282,B,0
P203283,A,0
P203284,B,0
P203285,A,0
P203286,B,0
P203287,B,0
P203288,A,0
P203289,A,0
P203290,A,0
P203291,A,0
P203292,A,0
P203293,A,0
P203294,B,0
P203295,B,0
P203296,A,0
P203297,B,0
P203298,B,0
P203299,A,0
P203300,A,0
P203301,A,0
P203302,A,0
P203303,A,0
P203304,A,0
P203305,B,0
P203306,B,0
P203307,A,0
P203308,B,0
P203309,B,0
P203310,A,0
P203311,B,0
P203312,A,0
P203313,A,0
P203314,A,0
P203315,A,0
P203316,A,0
P203317,A,0
P203318,B,0
P203319,B,0
P203320,A,0
P203321,A,0
P203322,B,0
P203323,A,0
P203324,A,0
P203325,A,1
P203326,B,0
P203327,B,0
P203328,B,0
P203329,A,0
P203330,B,0
P203331,A,0
P203332,A,0
P203333,A,1
P203334,B,0
P203335,A,0
P203336,A,0
P203337,B,0
P203338,B,0
P203339,B,0
P203340,A,0
P203341,B,1
P203342,B,0
P203343,A,0
P203344,A,0
P203345,A,0
P203346,A,0
P203347,A,0
P203348,A,0
P203349,A,0
P203350,A,0
P203351,B,0
P203352,A,0
P203353,A,0
P203354,B,0
P203355,A,0
P203356,A,0
P203357,A,0
P203358,B,0
P203359,B,0
P203360,B,0
P203361,B,0
P203362,A,0
P203363,B,0
P203364,B,0
P203365,A,0
P203366,B,0
P203367,A,0
P203368,A,0
P203369,B,0
P203370,A,0
P203371,A,0
P203372,B,0
P203373,B,0
P203374,B,0
P203375,A,0
P203376,A,0
P203377,B,0
P203378,A,0
P203379,B,0
P203380,B,0
P203381,B,0
P203382,A,0
P203383,A,0
P203384,B,0
P203385,A,0
P203386,B,0
P203387,B,1
P203388,A,0
P203389,B,0
P203390,A,0
P203391,A,0
P203392,A,0
P203393,B,0
P203394,A,0
P203395,A,0
P203396,A,0
P203397,A,0
P203398,A,0
P203399,A,0
P203400,B,0
P203401,A,0
P203402,A,0
P203403,A,0
P203404,B,0
P203405,A,0
P203406,B,0
P203407,B,0
P203408,B,0
P203409,B,0
P203410,A,0
P203411,B,0
P203412,A,0
P203413,B,0
P203414,B,0
P203415,B,0
P203416,A,0
P203417,A,0
P203418,A,0
P203419,A,0
P203420,A,0
P203421,A,0
P203422,B,1
P203423,A,0
P203424,B,0
P203425,A,0
P203426,B,0
P203427,B,0
P203428,A,0
P203429,A,0
P203430,A,0
P203431,B,0
P203432,A,0
P203433,A,0
P203434,A,0
P203435,A,0
P203436,B,0
P203437,A,0
P203438,A,0
P203439,A,0
P203440,B,0
P203441,A,0
P203442,B,0
P203443,A,0
P203444,B,0
P203445,B,1
P203446,A,0
P203447,A,0
P203448,A,0
P203449,B,0
P203450,A,0
P203451,A,0
P203452,A,0
P203453,A,0
P203454,A,0
P203455,B,0
P203456,B,0
P203457,A,0
P203458,B,0
P203459,B,0
P203460,B,0
P203461,A,0
P203462,A,0
P203463,B,0
P203464,B,0
P203465,A,0
P203466,A,0
P203467,A,0
P203468,A,0
P203469,A,0
P203470,A,0
P203471,A,0
P203472,B,0
P203473,A,1
P203474,A,0
P203475,A,0
P203476,A,0
P203477,A,0
P203478,B,1
P203479,A,0
P203480,B,0
P203481,B,1
P203482,B,0
P203483,B,0
P203484,B,0
P203485,A,0
P203486,B,0
P203487,A,0
P203488,A,0
P203489,A,0
P203490,B,0
P203491,A,0
P203492,B,0
P203493,A,0
P203494,B,0
P203495,A,0
P203496,A,0
P203497,A,0
P203498,A,0
P203499,A,0
P203500,B,0
P203501,A,0
P203502,B,0
P203503,A,0
P203504,A,0
P203505,A,0
P203506,A,0
P203507,B,0
P203508,B,0
P203509,A,0
P203510,B,0
P203511,A,0
P203512,B,0
P203513,B,0
P203514,B,0
P203515,A,0
P203516,A,0
P203517,A,0
P203518,B,0
P203519,B,0
P203520,A,0
P203521,B,0
P203522,B,0
P203523,A,0
P203524,B,0
P203525,A,0
P203526,A,0
P203527,A,0
P203528,A,0
P203529,B,1
P203530,A,0
P203531,A,0
P203532,A,0
P203533,A,0
P203534,A,0
P203535,A,0
P203536,A,0
P203537,B,0
P203538,B,0
P203539,A,0
P203540,B,0
P203541,B,0
P203542,B,0
P203543,B,0
P203544,B,0
P203545,A,0
P203546,A,0
P203547,B,0
P203548,A,0
P203549,B,0
P203550,B,0
P203551,A,0
P203552,B,1
P203553,A,0
P203554,B,0
P203555,A,0
P203556,B,0
P203557,A,0
P203558,B,0
P203559,B,0
P203560,A,0
P203561,B,0
P203562,A,0
P203563,B,0
P203564,A,0
P203565,B,0
P203566,B,0
P203567,A,0
P203568,A,0
P203569,B,0
P203570,A,0
P203571,A,0
P203572,A,0
P203573,A,0
P203574,A,0
P203575,B,0
P203576,B,0
P203577,B,1
P203578,A,0
P203579,A,0
P203580,A,0
P203581,B,0
P203582,A,0
P203583,A,0
P203584,A,0
P203585,B,0
P203586,B,0
P203587,A,0
P203588,A,1
P203589,B,1
P203590,A,0
P203591,B,0
P203592,B,0
P203593,B,0
P203594,B,0
P203595,B,0
P203596,B,0
P203597,A,0
P203598,A,0
P203599,B,0
P203600,A,0
P203601,B,0
P203602,A,0
P203603,B,0
P203604,A,0
P203605,B,0
P203606,A,0
P203607,B,0
P203608,A,0
P203609,A,0
P203610,A,0
P203611,B,0
P203612,A,0
P203613,B,0
P203614,B,0
P203615,B,1
P203616,B,0
P203617,A,0
P203618,B,0
P203619,B,0
P203620,A,0
P203621,A,0
P203622,A,0
P203623,A,0
P203624,A,0
P203625,B,0
P203626,B,0
P203627,A,0
P203628,B,0
P203629,A,0
P203630,A,0
P203631,B,0
P203632,B,0
P203633,A,0
P203634,A,0
P203635,A,0
P203636,A,0
P203637,B,0
P203638,B,0
P203639,B,0
P203640,A,0
P203641,B,0
P203642,A,0
P203643,B,0
P203644,A,0
P203645,B,1
P203646,B,0
P203647,B,0
P203648,A,0
P203649,B,0
P203650,B,0
P203651,B,0
P203652,A,0
P203653,A,0
P203654,A,0
P203655,A,0
P203656,B,0
P203657,B,0
P203658,A,0
P203659,B,0
P203660,A,0
P203661,A,0
P203662,A,0
P203663,B,0
P203664,B,0
P203665,A,0
P203666,B,0
P203667,A,0
P203668,A,0
P203669,A,0
P203670,A,0
P203671,B,0
P203672,B,0
P203673,A,0
P203674,A,0
P203675,A,0
P203676,A,0
P203677,A,0
P203678,A,0
P203679,B,0
P203680,A,0
P203681,A,0
P203682,B,0
P203683,A,0
P203684,A,0
P203685,A,0
P203686,A,0
P203687,A,0
P203688,A,0
P203689,B,0
P203690,B,0
P203691,B,0
P203692,A,0
P203693,A,0
P203694,A,0
P203695,A,0
P203696,A,0
P203697,A,0
P203698,A,0
P203699,A,0
P203700,A,0
P203701,A,0
P203702,A,0
P203703,A,0
P203704,A,0
P203705,A,0
P203706,A,0
P203707,A,0
P203708,A,0
P203709,B,0
P203710,A,0
P203711,A,0
P203712,A,0
P203713,A,0
P203714,A,0
P203715,B,0
P203716,B,0
P203717,A,0
P203718,B,0
P203719,A,0
P203720,A,0
P203721,B,0
P203722,A,0
P203723,A,0
P203724,B,0
P203725,A,0
P203726,B,0
P203727,B,0
P203728,B,1
P203729,A,0
P203730,A,0
P203731,B,0
P203732,B,1
P203733,A,0
P203734,B,0
P203735,A,0
P203736,A,0
P203737,A,0
P203738,A,0
P203739,B,0
P203740,A,0
P203741,B,0
P203742,A,0
P203743,A,0
P203744,B,0
P203745,A,0
P203746,B,0
P203747,A,0
P203748,A,0
P203749,A,0
P203750,B,0
P203751,A,0
P203752,B,0
P203753,B,0
P203754,A,0
P203755,B,0
P203756,A,0
P203757,A,0
P203758,A,0
P203759,A,0
P203760,A,0
P203761,A,0
P203762,A,0
P203763,B,1
P203764,A,0
P203765,B,0
P203766,A,0
P203767,B,0
P203768,A,0
P203769,A,0
P203770,A,0
P203771,A,0
P203772,A,0
P203773,B,0
P203774,B,0
P203775,B,0
P203776,A,0
P203777,A,0
P203778,B,0
P203779,A,0
P203780,B,0
P203781,A,0
P203782,B,0
P203783,B,0
P203784,B,0
P203785,A,0
P203786,A,0
P203787,B,0
P203788,B,0
P203789,A,0
P203790,A,0
P203791,B,0
P203792,A,0
P203793,B,0
P203794,B,0
P203795,B,0
P203796,A,0
P203797,A,0
P203798,A,0
P203799,B,0
P203800,A,0
P203801,A,0
P203802,A,0
P203803,A,0
P203804,B,0
P203805,B,0
P203806,B,0
P203807,A,0
P203808,B,0
P203809,A,0
P203810,B,0
P203811,A,0
P203812,A,0
P203813,A,0
P203814,A,0
P203815,B,0
P203816,A,0
P203817,A,0
P203818,B,1
P203819,A,0
P203820,A,0
P203821,A,0
P203822,B,0
P203823,A,0
P203824,B,1
P203825,A,0
P203826,A,0
P203827,A,0
P203828,B,0
P203829,A,0
P203830,B,0
P203831,A,0
P203832,A,0
P203833,B,0
P203834,B,0
P203835,A,0
P203836,B,0
P203837,B,0
P203838,A,0
P203839,A,0
P203840,A,0
P203841,A,0
P203842,B,0
P203843,A,0
P203844,A,0
P203845,A,0
P203846,B,0
P203847,B,0
P203848,A,0
P203849,A,0
P203850,A,0
P203851,B,0
P203852,A,0
P203853,B,0
P203854,A,0
P203855,A,0
P203856,B,0
P203857,B,0
P203858,A,0
P203859,B,0
P203860,A,0
P203861,A,0
P203862,B,0
P203863,B,0
P203864,B,1
P203865,A,0
P203866,B,0
P203867,A,0
P203868,A,0
P203869,B,0
P203870,A,0
P203871,B,0
P203872,A,0
P203873,A,0
P203874,B,0
P203875,B,0
P203876,A,0
P203877,A,0
P203878,B,0
P203879,A,0
P203880,A,0
P203881,B,0
P203882,A,0
P203883,B,0
P203884,B,1
P203885,B,0
P203886,A,0
P203887,B,0
P203888,A,0
P203889,A,0
P203890,A,0
P203891,A,0
P203892,A,0
P203893,A,0
P203894,A,0
P203895,A,0
P203896,B,0
P203897,A,0
P203898,B,0
P203899,A,1
P203900,B,0
P203901,A,0
P203902,B,0
P203903,A,0
P203904,B,0
P203905,A,0
P203906,B,0
P203907,B,0
P203908,A,0
P203909,A,0
P203910,B,0
P203911,A,0
P203912,A,0
P203913,B,0
P203914,A,0
P203915,B,0
P203916,A,0
P203917,A,0
P203918,A,0
P203919,B,1
P203920,B,0
P203921,A,0
P203922,A,0
P203923,A,0
P203924,B,0
P203925,A,0
P203926,A,0
P203927,A,0
P203928,A,0
P203929,A,0
P203930,A,0
P203931,B,0
P203932,B,0
P203933,B,0
P203934,A,0
P203935,A,0
P203936,A,0
P203937,B,0
P203938,A,0
P203939,B,0
P203940,A,0
P203941,B,0
P203942,B,0
P203943,A,0
P203944,B,0
P203945,B,0
P203946,B,0
P203947,B,0
P203948,A,0
P203949,B,0
P203950,B,0
P203951,A,0
P203952,A,0
P203953,A,0
P203954,A,0
P203955,B,0
P203956,A,0
P203957,A,0
P203958,A,0
P203959,A,0
P203960,A,0
P203961,A,0
P203962,A,0
P203963,B,0
P203964,A,0
P203965,A,0
P203966,A,0
P203967,A,0
P203968,A,0
P203969,A,0
P203970,A,0
P203971,A,0
P203972,A,0
P203973,B,0
P203974,A,0
P203975,B,0
P203976,B,0
P203977,B,0
P203978,A,0
P203979,B,0
P203980,A,0
P203981,A,0
P203982,A,0
P203983,B,0
P203984,A,0
P203985,B,0
P203986,A,0
P203987,B,0
P203988,B,0
P203989,B,0
P203990,A,0
P203991,B,0
P203992,B,0
P203993,A,0
P203994,A,0
P203995,B,0
P203996,A,1
P203997,B,0
P203998,A,0
P203999,A,0
